{"cameraMode":{"drawMode":0,"name":"Shaded","section":"Shading Mode"},"sceneLighting":false,"audioPlay":false,"sceneViewState":{"m_AlwaysRefresh":false,"showFog":true,"showSkybox":false,"showFlares":true,"showImageEffects":true,"showParticleSystems":true,"showVisualEffectGraphs":true,"m_FxEnabled":true},"in2DMode":false,"pivot":{"x":13.594152450561524,"y":2.6869592666625978,"z":-6.523441791534424},"rotation":{"x":-0.03653590753674507,"y":0.7793744206428528,"z":-0.045645181089639667,"w":-0.6238304376602173},"size":1.3978290557861329,"orthographic":false}